memberId,amount,merchant,date,category,mcc,carbon
1,1545,GS25,2025-07-02,편의점,5499,8.88
2,11829,롯데리아,2025-08-09,음식점,5812,129.7
3,6430,세븐일레븐,2025-06-12,편의점,5499,36.97
4,169105,톡스앤필의원,2025-08-11,"의료,건강",8062,690.19
5,39402,이마트,2025-07-28,대형마트,5300,222.16
6,4531,(주)에이비카페,2025-06-21,카페,5814,49.68
7,7812,더벤티,2025-06-28,카페,5814,85.66
8,8000,(주)에이비카페,2025-07-19,카페,5814,87.72
9,13955,세븐일레븐,2025-07-04,편의점,5499,80.24
10,101669,오렌지주유소,2025-07-19,"교통,수송",4111,2256.93
1,6567,세븐일레븐,2025-08-19,편의점,5499,37.76
2,8170,메가커피,2025-08-30,카페,5814,89.58
3,121797,롯데월드,2025-07-08,"관광,명소",7991,360.21
4,14479,정약국,2025-07-19,"의료,건강",8062,59.09
5,25008,이마트,2025-07-16,대형마트,5300,141.01
6,124276,세인트존스호텔,2025-08-27,숙박,7011,1131.91
7,5882,더벤티,2025-07-02,카페,5814,64.5
8,6551,세븐일레븐,2025-08-21,편의점,5499,37.67
9,16318,CGV,2025-06-08,"문화,예술",7991,48.26
10,7969,이마트,2025-07-22,대형마트,5300,44.93
1,5192,세븐일레븐,2025-08-12,편의점,5499,29.85
2,6332,메가커피,2025-08-03,카페,5814,69.43
3,19744,롯데시네마,2025-06-18,"문화,예술",7991,58.39
4,179921,톡스앤필의원,2025-08-14,"의료,건강",8062,734.33
5,55898,코스트코,2025-06-29,대형마트,5300,315.18
6,9568,정약국,2025-06-12,"의료,건강",8062,39.05
7,8435,쿰베오,2025-06-21,카페,5814,92.49
8,49504,코스트코,2025-07-20,대형마트,5300,279.12
9,23608,롯데시네마,2025-08-10,"문화,예술",7991,69.82
10,44496,오렌지주유소,2025-06-15,"교통,수송",4111,987.76
1,10780,GS25,2025-08-22,편의점,5499,61.98
2,8578,(주)에이비카페,2025-07-29,카페,5814,94.06
3,166392,롯데월드,2025-07-04,"관광,명소",7991,492.1
4,26115,정약국,2025-06-14,"의료,건강",8062,106.59
5,89929,오렌지주유소,2025-08-04,"교통,수송",4111,1996.32
6,6175,(주)에이비카페,2025-06-21,카페,5814,67.71
7,23789,런던베이글,2025-08-16,음식점,5812,260.84
8,5301,이마트,2025-07-17,대형마트,5300,29.89
9,11713,런던베이글,2025-07-01,음식점,5812,128.43
10,2744,메가커피,2025-08-02,카페,5814,30.09
1,10318,CGV,2025-07-31,"문화,예술",7991,30.52
2,4262,메가커피,2025-08-17,카페,5814,46.73
3,17503,롯데시네마,2025-08-28,"문화,예술",7991,51.76
4,12680,맥도날드,2025-08-25,음식점,5812,139.03
5,112994,오렌지주유소,2025-07-28,"교통,수송",4111,2508.33
6,16285,이마트,2025-06-03,대형마트,5300,91.82
7,7009,더벤티,2025-06-01,카페,5814,76.85
8,9338,세븐일레븐,2025-06-09,편의점,5499,53.69
9,11453,런던베이글,2025-07-01,음식점,5812,125.58
10,32604,이마트,2025-06-17,대형마트,5300,183.83
1,10670,GS25,2025-07-02,편의점,5499,61.35
2,12852,쿰베오,2025-06-13,카페,5814,140.92
3,19009,CGV,2025-07-30,"문화,예술",7991,56.22
4,7244,정약국,2025-08-22,"의료,건강",8062,29.57
5,34251,이마트,2025-06-14,대형마트,5300,193.12
6,4175,GS25,2025-06-18,편의점,5499,24.01
7,8434,(주)에이비카페,2025-06-10,카페,5814,92.48
8,8405,GS25,2025-08-23,편의점,5499,48.33
9,6511,정약국,2025-07-01,"의료,건강",8062,26.57
10,8889,세븐일레븐,2025-07-22,편의점,5499,51.11
1,29298,코스트코,2025-07-20,대형마트,5300,165.19
2,10470,(주)에이비카페,2025-08-29,카페,5814,114.8
3,11824,메가커피,2025-08-02,카페,5814,129.65
4,21684,이마트,2025-06-08,대형마트,5300,122.26
5,10620,(주)에이비카페,2025-07-11,카페,5814,116.45
6,10472,세븐일레븐,2025-08-07,편의점,5499,60.21
7,31851,이마트,2025-06-24,대형마트,5300,179.59
8,2261,세븐일레븐,2025-07-01,편의점,5499,13.0
9,16574,롯데시네마,2025-06-06,"문화,예술",7991,49.02
10,50462,코스트코,2025-08-12,대형마트,5300,284.52
1,4648,GS25,2025-08-31,편의점,5499,26.73
2,8002,(주)에이비카페,2025-08-25,카페,5814,87.74
3,21292,CGV,2025-06-10,"문화,예술",7991,62.97
4,157617,롯데월드,2025-06-13,"관광,명소",7991,466.15
5,4502,세븐일레븐,2025-06-17,편의점,5499,25.89
6,742005,은혜공인중개사무소,2025-07-18,부동산,6513,0.0
7,12671,(주)에이비카페,2025-08-30,카페,5814,138.94
8,31855,이마트,2025-08-10,대형마트,5300,179.61
9,13394,롯데시네마,2025-06-18,"문화,예술",7991,39.61
10,13178,이마트,2025-06-20,대형마트,5300,74.3
1,9646,세븐일레븐,2025-07-14,편의점,5499,55.46
2,14140,롯데리아,2025-08-04,음식점,5812,155.04
3,8087,CGV,2025-07-25,"문화,예술",7991,23.92
4,5164,정약국,2025-06-17,"의료,건강",8062,21.08
5,64272,오렌지주유소,2025-07-27,"교통,수송",4111,1426.76
6,49198,코스트코,2025-06-15,대형마트,5300,277.4
7,14311,세븐일레븐,2025-08-09,편의점,5499,82.29
8,7281,세븐일레븐,2025-06-19,편의점,5499,41.86
9,8651,롯데시네마,2025-06-06,"문화,예술",7991,25.58
10,1009060,은혜공인중개사무소,2025-08-25,부동산,6513,0.0
1,14111,세븐일레븐,2025-07-23,편의점,5499,81.14
2,5303,메가커피,2025-07-01,카페,5814,58.15
3,7952,(주)에이비카페,2025-06-04,카페,5814,87.19
4,29793,이마트,2025-07-23,대형마트,5300,167.98
5,65761,오렌지주유소,2025-08-29,"교통,수송",4111,1459.82
6,8618,이마트,2025-06-29,대형마트,5300,48.59
7,18875,카카오프렌즈,2025-06-30,"문구,사무용품",5943,101.33
8,16938,이마트,2025-07-06,대형마트,5300,95.5
9,8062,(주)에이비카페,2025-08-05,카페,5814,88.4
10,37429,이마트,2025-06-04,대형마트,5300,211.04
1,4600,세븐일레븐,2025-07-04,편의점,5499,26.45
2,10491,세븐일레븐,2025-07-11,편의점,5499,60.32
3,20951,롯데시네마,2025-08-13,"문화,예술",7991,61.96
4,8568,이마트,2025-06-01,대형마트,5300,48.31
5,73975,코스트코,2025-08-25,대형마트,5300,417.1
6,113046,세인트존스호텔,2025-08-25,숙박,7011,1029.62
7,7609,메가커피,2025-06-16,카페,5814,83.43
8,17890,CGV,2025-08-25,"문화,예술",7991,52.91
9,22856,롯데시네마,2025-08-10,"문화,예술",7991,67.6
10,8408,세븐일레븐,2025-07-19,편의점,5499,48.34
1,4028,GS25,2025-07-09,편의점,5499,23.16
2,3691,(주)에이비카페,2025-06-27,카페,5814,40.47
3,18299,롯데시네마,2025-07-27,"문화,예술",7991,54.12
4,24484,CGV,2025-06-22,"문화,예술",7991,72.41
5,77673,오렌지주유소,2025-08-21,"교통,수송",4111,1724.25
6,6831,런던베이글,2025-07-01,음식점,5812,74.9
7,7499,더벤티,2025-06-19,카페,5814,82.23
8,5981,세븐일레븐,2025-08-18,편의점,5499,34.39
9,5100,(주)에이비카페,2025-08-20,카페,5814,55.92
10,72345,코스트코,2025-08-03,대형마트,5300,407.91
1,15586,이마트,2025-06-01,대형마트,5300,87.88
2,4163,메가커피,2025-06-29,카페,5814,45.65
3,38391,이마트,2025-08-11,대형마트,5300,216.46
4,60736,톡스앤필의원,2025-07-30,"의료,건강",8062,247.89
5,117583,오렌지주유소,2025-07-27,"교통,수송",4111,2610.2
6,11910,(주)에이비카페,2025-08-10,카페,5814,130.59
7,7250,(주)에이비카페,2025-07-31,카페,5814,79.5
8,5736,GS25,2025-07-06,편의점,5499,32.98
9,12462,(주)에이비카페,2025-07-01,카페,5814,136.64
10,10937,이마트,2025-07-01,대형마트,5300,61.67
1,7218,세븐일레븐,2025-06-11,편의점,5499,41.5
2,10082,맥도날드,2025-06-20,음식점,5812,110.55
3,9759,CGV,2025-07-13,"문화,예술",7991,28.86
4,114655,톡스앤필의원,2025-07-24,"의료,건강",8062,467.96
5,72818,코스트코,2025-08-29,대형마트,5300,410.58
6,119453,롯데월드,2025-06-01,"관광,명소",7991,353.28
7,7590,메가커피,2025-07-24,카페,5814,83.22
8,15154,롯데시네마,2025-07-05,"문화,예술",7991,44.82
9,8553,롯데시네마,2025-08-25,"문화,예술",7991,25.3
10,11576,(주)에이비카페,2025-07-30,카페,5814,126.93
1,14388,(주)에이비카페,2025-07-21,카페,5814,157.76
2,2870,더벤티,2025-07-25,카페,5814,31.47
3,30768,이마트,2025-07-04,대형마트,5300,173.48
4,83935,톡스앤필의원,2025-07-14,"의료,건강",8062,342.57
5,81736,오렌지주유소,2025-07-24,"교통,수송",4111,1814.44
6,2313,GS25,2025-08-09,편의점,5499,13.3
7,5990,세븐일레븐,2025-06-09,편의점,5499,34.44
8,51180,코스트코,2025-06-04,대형마트,5300,288.57
9,10825,런던베이글,2025-08-19,음식점,5812,118.69
10,3035,세븐일레븐,2025-06-15,편의점,5499,17.45
1,4507,GS25,2025-07-03,편의점,5499,25.91
2,11204,쿰베오,2025-08-31,카페,5814,122.85
3,12483,세븐일레븐,2025-07-10,편의점,5499,71.78
4,7828,이마트,2025-08-13,대형마트,5300,44.14
5,85504,오렌지주유소,2025-08-31,"교통,수송",4111,1898.09
6,94022,세인트존스호텔,2025-07-09,숙박,7011,856.35
7,13283,메가커피,2025-08-12,카페,5814,145.65
8,43313,코스트코,2025-08-24,대형마트,5300,244.22
9,26029,롯데시네마,2025-06-02,"문화,예술",7991,76.98
10,87801,오렌지주유소,2025-07-17,"교통,수송",4111,1949.08
1,9239,GS25,2025-07-26,편의점,5499,53.12
2,12511,롯데리아,2025-07-05,음식점,5812,137.18
3,23507,CGV,2025-08-15,"문화,예술",7991,69.52
4,106837,톡스앤필의원,2025-06-12,"의료,건강",8062,436.05
5,31003,이마트,2025-07-30,대형마트,5300,174.81
6,60702,코스트코,2025-06-04,대형마트,5300,342.26
7,11912,런던베이글,2025-06-28,음식점,5812,130.61
8,4897,GS25,2025-08-16,편의점,5499,28.16
9,17432,CGV,2025-08-06,"문화,예술",7991,51.55
10,6997,정약국,2025-07-23,"의료,건강",8062,28.56
1,22330,이마트,2025-08-22,대형마트,5300,125.91
2,11553,더벤티,2025-06-12,카페,5814,126.68
3,22881,롯데시네마,2025-07-10,"문화,예술",7991,67.67
4,19877,CGV,2025-08-07,"문화,예술",7991,58.79
5,70273,코스트코,2025-07-16,대형마트,5300,396.23
6,1945,강동도서관,2025-06-30,"교육,학문",8299,6.18
7,16320,이마트,2025-08-08,대형마트,5300,92.02
8,6165,(주)에이비카페,2025-08-01,카페,5814,67.6
9,20592,롯데시네마,2025-06-25,"문화,예술",7991,60.9
10,24976,이마트,2025-06-02,대형마트,5300,140.82
1,2795,GS25,2025-06-07,편의점,5499,16.07
2,7530,런던베이글,2025-08-02,음식점,5812,82.57
3,1235,세븐일레븐,2025-07-31,편의점,5499,7.1
4,104250,톡스앤필의원,2025-06-07,"의료,건강",8062,425.49
5,30703,이마트,2025-06-09,대형마트,5300,173.12
6,7655,카카오프렌즈,2025-08-27,"문구,사무용품",5943,41.1
7,3872,세븐일레븐,2025-07-09,편의점,5499,22.26
8,4292,세븐일레븐,2025-07-24,편의점,5499,24.68
9,17092,CGV,2025-07-19,"문화,예술",7991,50.55
10,17925,카카오프렌즈,2025-08-15,"문구,사무용품",5943,96.23
1,15417,정약국,2025-06-08,"의료,건강",8062,62.92
2,5453,더벤티,2025-06-27,카페,5814,59.79
3,17740,CGV,2025-06-21,"문화,예술",7991,52.47
4,145006,톡스앤필의원,2025-06-01,"의료,건강",8062,591.83
5,67623,코스트코,2025-07-08,대형마트,5300,381.29
6,95027,롯데월드,2025-08-29,"관광,명소",7991,281.04
7,3403,메가커피,2025-07-04,카페,5814,37.31
8,63152,코스트코,2025-06-26,대형마트,5300,356.08
9,16273,롯데시네마,2025-07-05,"문화,예술",7991,48.13
10,40664,오렌지주유소,2025-07-10,"교통,수송",4111,902.69
1,12064,GS25,2025-07-27,편의점,5499,69.37
2,13999,맥도날드,2025-07-05,음식점,5812,153.5
3,23578,CGV,2025-08-16,"문화,예술",7991,69.73
4,8835,세븐일레븐,2025-08-17,편의점,5499,50.8
5,9793,이마트,2025-08-26,대형마트,5300,55.22
6,18031,쿰베오,2025-06-03,카페,5814,197.71
7,30504,정약국,2025-08-13,"의료,건강",8062,124.5
8,11650,세븐일레븐,2025-08-06,편의점,5499,66.99
9,14933,CGV,2025-08-14,"문화,예술",7991,44.16
10,10755,GS25,2025-07-31,편의점,5499,61.84
1,24921,이마트,2025-06-14,대형마트,5300,140.51
2,7141,메가커피,2025-08-03,카페,5814,78.3
3,23771,롯데시네마,2025-08-10,"문화,예술",7991,70.3
4,2260,세븐일레븐,2025-07-12,편의점,5499,12.99
5,36084,이마트,2025-06-01,대형마트,5300,203.46
6,20462,런던베이글,2025-06-07,음식점,5812,224.36
7,130961,톡스앤필의원,2025-08-03,"의료,건강",8062,534.51
8,8541,롯데시네마,2025-08-10,"문화,예술",7991,25.26
9,12130,맥도날드,2025-08-29,음식점,5812,133.0
10,26034,코스트코,2025-08-17,대형마트,5300,146.79
1,12190,롯데시네마,2025-06-02,"문화,예술",7991,36.05
2,5387,런던베이글,2025-06-15,음식점,5812,59.07
3,12549,롯데시네마,2025-06-20,"문화,예술",7991,37.11
4,106886,톡스앤필의원,2025-07-05,"의료,건강",8062,436.25
5,61537,코스트코,2025-07-02,대형마트,5300,346.97
6,12145,롯데시네마,2025-08-16,"문화,예술",7991,35.92
7,8561,런던베이글,2025-07-06,음식점,5812,93.87
8,20212,CGV,2025-08-04,"문화,예술",7991,59.78
9,7381,롯데시네마,2025-07-09,"문화,예술",7991,21.83
10,139162,오렌지주유소,2025-08-02,"교통,수송",4111,3089.23
1,50024,코스트코,2025-07-15,대형마트,5300,282.06
2,12269,(주)에이비카페,2025-07-12,카페,5814,134.53
3,8139,(주)에이비카페,2025-06-30,카페,5814,89.24
4,15090,정약국,2025-07-31,"의료,건강",8062,61.59
5,85868,오렌지주유소,2025-08-24,"교통,수송",4111,1906.17
6,5481,더벤티,2025-06-05,카페,5814,60.1
7,40742,이마트,2025-06-13,대형마트,5300,229.72
8,9417,(주)에이비카페,2025-07-29,카페,5814,103.26
9,66413,롯데월드,2025-08-23,"관광,명소",7991,196.41
10,7360,정약국,2025-07-04,"의료,건강",8062,30.04
1,32909,이마트,2025-07-13,대형마트,5300,185.55
2,10226,메가커피,2025-07-11,카페,5814,112.13
3,27562,CGV,2025-06-05,"문화,예술",7991,81.51
4,96345,톡스앤필의원,2025-07-07,"의료,건강",8062,393.22
5,24641,정약국,2025-06-13,"의료,건강",8062,100.57
6,51975,오렌지주유소,2025-08-28,"교통,수송",4111,1153.78
7,3661,(주)에이비카페,2025-06-08,카페,5814,40.14
8,28745,이마트,2025-07-02,대형마트,5300,162.08
9,12065,CGV,2025-06-11,"문화,예술",7991,35.68
10,47228,코스트코,2025-07-01,대형마트,5300,266.29
1,37047,이마트,2025-07-30,대형마트,5300,208.89
2,9498,더벤티,2025-06-02,카페,5814,104.14
3,13487,(주)에이비카페,2025-08-26,카페,5814,147.88
4,48211,톡스앤필의원,2025-07-15,"의료,건강",8062,196.77
5,7284,메가커피,2025-07-25,카페,5814,79.87
6,3267,강동도서관,2025-06-26,"교육,학문",8299,10.38
7,17555,정약국,2025-07-19,"의료,건강",8062,71.65
8,21182,롯데시네마,2025-07-08,"문화,예술",7991,62.64
9,130595,롯데월드,2025-06-02,"관광,명소",7991,386.23
10,72173,코스트코,2025-06-07,대형마트,5300,406.94
1,68744,코스트코,2025-07-07,대형마트,5300,387.61
2,12274,쿰베오,2025-07-16,카페,5814,134.58
3,14918,롯데시네마,2025-08-26,"문화,예술",7991,44.12
4,20160,쿰베오,2025-06-18,카페,5814,221.05
5,41715,오렌지주유소,2025-07-27,"교통,수송",4111,926.02
6,106915,롯데월드,2025-06-12,"관광,명소",7991,316.2
7,8079,메가커피,2025-06-23,카페,5814,88.58
8,46426,이마트,2025-07-17,대형마트,5300,261.77
9,19167,CGV,2025-07-03,"문화,예술",7991,56.69
10,24675,정약국,2025-07-08,"의료,건강",8062,100.71
1,7345,GS25,2025-07-30,편의점,5499,42.23
2,4743,메가커피,2025-06-29,카페,5814,52.01
3,12475,(주)에이비카페,2025-08-11,카페,5814,136.79
4,107490,톡스앤필의원,2025-08-08,"의료,건강",8062,438.71
5,31170,이마트,2025-08-26,대형마트,5300,175.75
6,8175,GS25,2025-07-18,편의점,5499,47.01
7,20091,이마트,2025-08-19,대형마트,5300,113.28
8,12290,(주)에이비카페,2025-08-18,카페,5814,134.76
9,93066,세인트존스호텔,2025-07-30,숙박,7011,847.65
10,15791,정약국,2025-06-15,"의료,건강",8062,64.45
1,1483,세븐일레븐,2025-08-03,편의점,5499,8.53
2,12349,맥도날드,2025-06-18,음식점,5812,135.4
3,21531,롯데시네마,2025-08-29,"문화,예술",7991,63.68
4,19387,정약국,2025-06-20,"의료,건강",8062,79.13
5,60049,오렌지주유소,2025-08-18,"교통,수송",4111,1333.02
6,11518,카카오프렌즈,2025-07-18,"문구,사무용품",5943,61.84
7,13318,(주)에이비카페,2025-07-17,카페,5814,146.03
8,11584,세븐일레븐,2025-08-22,편의점,5499,66.61
9,19159,롯데시네마,2025-06-16,"문화,예술",7991,56.66
10,16649,정약국,2025-06-28,"의료,건강",8062,67.95
1,12814,GS25,2025-06-07,편의점,5499,73.68
2,14334,쿰베오,2025-08-12,카페,5814,157.17
3,20447,카카오프렌즈,2025-06-28,"문구,사무용품",5943,109.77
4,11767,정약국,2025-06-19,"의료,건강",8062,48.03
5,94626,오렌지주유소,2025-06-19,"교통,수송",4111,2100.59
6,20436,정약국,2025-06-23,"의료,건강",8062,83.41
7,5703,이마트,2025-07-16,대형마트,5300,32.16
8,36858,코스트코,2025-06-03,대형마트,5300,207.82
9,4012,맥도날드,2025-07-24,음식점,5812,43.99
10,56844,코스트코,2025-07-28,대형마트,5300,320.51
1,9760,GS25,2025-07-28,편의점,5499,56.12
2,18925,런던베이글,2025-08-24,음식점,5812,207.51
3,24328,CGV,2025-06-04,"문화,예술",7991,71.95
4,10076,세븐일레븐,2025-07-25,편의점,5499,57.94
5,113117,오렌지주유소,2025-07-27,"교통,수송",4111,2511.06
6,2157,세븐일레븐,2025-06-19,편의점,5499,12.4
7,5778,세븐일레븐,2025-08-14,편의점,5499,33.22
8,17766,롯데시네마,2025-08-16,"문화,예술",7991,52.54
9,22917,CGV,2025-07-26,"문화,예술",7991,67.78
10,10569,세븐일레븐,2025-08-23,편의점,5499,60.77
1,10919,GS25,2025-06-28,편의점,5499,62.78
2,7476,(주)에이비카페,2025-07-29,카페,5814,81.97
3,10281,롯데시네마,2025-07-11,"문화,예술",7991,30.41
4,23941,CGV,2025-08-27,"문화,예술",7991,70.8
5,40819,오렌지주유소,2025-06-11,"교통,수송",4111,906.13
6,2834,세븐일레븐,2025-07-18,편의점,5499,16.3
7,9158,메가커피,2025-08-11,카페,5814,100.42
8,11576,롯데시네마,2025-08-25,"문화,예술",7991,34.24
9,19340,런던베이글,2025-06-07,음식점,5812,212.06
10,22822,정약국,2025-06-14,"의료,건강",8062,93.15
1,3865,GS25,2025-08-01,편의점,5499,22.22
2,3546,롯데리아,2025-08-11,음식점,5812,38.88
3,17635,롯데시네마,2025-07-25,"문화,예술",7991,52.15
4,26524,정약국,2025-08-22,"의료,건강",8062,108.26
5,16375,(주)에이비카페,2025-08-28,카페,5814,179.55
6,3596,GS25,2025-07-10,편의점,5499,20.68
7,6219,메가커피,2025-06-19,카페,5814,68.19
8,17493,롯데시네마,2025-08-21,"문화,예술",7991,51.73
9,1510,강동도서관,2025-06-28,"교육,학문",8299,4.8
10,32519,이마트,2025-07-18,대형마트,5300,183.35
1,7013,세븐일레븐,2025-08-12,편의점,5499,40.32
2,3329,더벤티,2025-08-19,카페,5814,36.5
3,55160,롯데월드,2025-08-24,"관광,명소",7991,163.13
4,184756,톡스앤필의원,2025-07-05,"의료,건강",8062,754.07
5,32617,이마트,2025-07-26,대형마트,5300,183.91
6,43636,이마트,2025-08-25,대형마트,5300,246.04
7,7293,(주)에이비카페,2025-08-16,카페,5814,79.97
8,4003,세븐일레븐,2025-06-28,편의점,5499,23.02
9,7496,(주)에이비카페,2025-06-16,카페,5814,82.19
10,12871,세븐일레븐,2025-06-17,편의점,5499,74.01
1,20082,이마트,2025-08-25,대형마트,5300,113.23
2,8802,쿰베오,2025-06-06,카페,5814,96.51
3,26950,롯데시네마,2025-07-11,"문화,예술",7991,79.7
4,173419,톡스앤필의원,2025-08-21,"의료,건강",8062,707.8
5,26501,코스트코,2025-07-12,대형마트,5300,149.42
6,20476,맥도날드,2025-07-17,음식점,5812,224.52
7,12497,세븐일레븐,2025-07-26,편의점,5499,71.86
8,10136,롯데시네마,2025-07-10,"문화,예술",7991,29.98
9,7120,(주)에이비카페,2025-06-22,카페,5814,78.07
10,9617,세븐일레븐,2025-08-05,편의점,5499,55.3
1,12890,세븐일레븐,2025-08-22,편의점,5499,74.12
2,4938,메가커피,2025-07-03,카페,5814,54.14
3,10220,롯데리아,2025-08-23,음식점,5812,112.06
4,14361,세븐일레븐,2025-07-30,편의점,5499,82.57
5,113582,오렌지주유소,2025-08-12,"교통,수송",4111,2521.39
6,21804,런던베이글,2025-08-20,음식점,5812,239.08
7,9270,(주)에이비카페,2025-07-27,카페,5814,101.64
8,17621,롯데시네마,2025-07-16,"문화,예술",7991,52.11
9,17892,CGV,2025-06-05,"문화,예술",7991,52.91
10,13380,세븐일레븐,2025-08-22,편의점,5499,76.93
1,63588,코스트코,2025-08-16,대형마트,5300,358.53
2,18745,런던베이글,2025-06-06,음식점,5812,205.54
3,13156,롯데시네마,2025-07-31,"문화,예술",7991,38.91
4,45304,톡스앤필의원,2025-07-14,"의료,건강",8062,184.9
5,9398,쿰베오,2025-06-23,카페,5814,103.05
6,139195,롯데월드,2025-07-27,"관광,명소",7991,411.66
7,19844,런던베이글,2025-07-18,음식점,5812,217.59
8,9969,(주)에이비카페,2025-07-14,카페,5814,109.31
9,10838,CGV,2025-08-22,"문화,예술",7991,32.05
10,22290,이마트,2025-08-26,대형마트,5300,125.68
1,23439,이마트,2025-08-24,대형마트,5300,132.16
2,13646,메가커피,2025-07-13,카페,5814,149.63
3,10169,세븐일레븐,2025-07-15,편의점,5499,58.47
4,113046,톡스앤필의원,2025-08-30,"의료,건강",8062,461.39
5,82476,오렌지주유소,2025-08-22,"교통,수송",4111,1830.87
6,5439,더벤티,2025-08-27,카페,5814,59.64
7,3737,메가커피,2025-07-25,카페,5814,40.98
8,8124,롯데시네마,2025-06-24,"문화,예술",7991,24.03
9,16739,런던베이글,2025-08-02,음식점,5812,183.54
10,12080,이마트,2025-07-08,대형마트,5300,68.11
1,26709,코스트코,2025-08-09,대형마트,5300,150.6
2,8661,메가커피,2025-07-14,카페,5814,94.97
3,12040,(주)에이비카페,2025-07-19,카페,5814,132.02
4,19084,이마트,2025-08-19,대형마트,5300,107.6
5,67155,오렌지주유소,2025-06-06,"교통,수송",4111,1490.76
6,15184,카카오프렌즈,2025-08-18,"문구,사무용품",5943,81.52
7,10146,(주)에이비카페,2025-07-01,카페,5814,111.25
8,41511,이마트,2025-06-25,대형마트,5300,234.06
9,22093,롯데시네마,2025-07-07,"문화,예술",7991,65.34
10,107079,오렌지주유소,2025-06-21,"교통,수송",4111,2377.03
1,14405,CGV,2025-06-07,"문화,예술",7991,42.6
2,9279,더벤티,2025-06-14,카페,5814,101.74
3,28403,CGV,2025-07-07,"문화,예술",7991,84.0
4,3296,세븐일레븐,2025-08-05,편의점,5499,18.95
5,28171,이마트,2025-06-29,대형마트,5300,158.84
6,16090,쿰베오,2025-07-24,카페,5814,176.42
7,8758,세븐일레븐,2025-07-20,편의점,5499,50.36
8,1144523,은혜공인중개사무소,2025-07-11,부동산,6513,0.0
9,22696,런던베이글,2025-06-19,음식점,5812,248.86
10,6651,세븐일레븐,2025-07-31,편의점,5499,38.24
1,3611,GS25,2025-07-31,편의점,5499,20.76
2,4749,(주)에이비카페,2025-06-03,카페,5814,52.07
3,13150,롯데시네마,2025-08-17,"문화,예술",7991,38.89
4,65679,톡스앤필의원,2025-07-01,"의료,건강",8062,268.06
5,2490,롯데리아,2025-08-21,음식점,5812,27.3
6,8654,더벤티,2025-08-03,카페,5814,94.89
7,3441,더벤티,2025-08-13,카페,5814,37.73
8,13205,이마트,2025-06-01,대형마트,5300,74.46
9,16330,CGV,2025-06-24,"문화,예술",7991,48.3
10,5452,(주)에이비카페,2025-07-17,카페,5814,59.78
1,9787,세븐일레븐,2025-08-04,편의점,5499,56.27
2,18152,런던베이글,2025-06-06,음식점,5812,199.03
3,18238,CGV,2025-06-03,"문화,예술",7991,53.94
4,44748,톡스앤필의원,2025-08-24,"의료,건강",8062,182.64
5,127209,오렌지주유소,2025-07-13,"교통,수송",4111,2823.89
6,28604,이마트,2025-08-22,대형마트,5300,161.28
7,21728,맥도날드,2025-08-01,음식점,5812,238.24
8,10247,롯데시네마,2025-07-29,"문화,예술",7991,30.31
9,62476,롯데월드,2025-06-26,"관광,명소",7991,184.77
10,1363257,은혜공인중개사무소,2025-08-05,부동산,6513,0.0
1,40156,이마트,2025-06-05,대형마트,5300,226.42
2,10178,쿰베오,2025-06-07,카페,5814,111.6
3,8581,(주)에이비카페,2025-07-18,카페,5814,94.09
4,147988,톡스앤필의원,2025-07-20,"의료,건강",8062,604.0
5,32194,코스트코,2025-08-03,대형마트,5300,181.52
6,9526,롯데리아,2025-06-11,음식점,5812,104.45
7,9035,쿰베오,2025-06-24,카페,5814,99.07
8,15580,롯데시네마,2025-07-12,"문화,예술",7991,46.08
9,17652,CGV,2025-08-31,"문화,예술",7991,52.2
10,16503,맥도날드,2025-06-06,음식점,5812,180.95
1,7087,GS25,2025-07-26,편의점,5499,40.75
2,4099,(주)에이비카페,2025-08-21,카페,5814,44.94
3,27800,롯데시네마,2025-08-26,"문화,예술",7991,82.22
4,6034,이마트,2025-08-17,대형마트,5300,34.02
5,79301,오렌지주유소,2025-06-09,"교통,수송",4111,1760.39
6,120956,세인트존스호텔,2025-08-12,숙박,7011,1101.67
7,3764,세븐일레븐,2025-07-18,편의점,5499,21.64
8,2325,GS25,2025-08-07,편의점,5499,13.37
9,19395,롯데시네마,2025-07-02,"문화,예술",7991,57.36
10,6400,정약국,2025-08-03,"의료,건강",8062,26.12
1,8642,GS25,2025-07-04,편의점,5499,49.69
2,7808,더벤티,2025-07-07,카페,5814,85.61
3,21205,CGV,2025-06-18,"문화,예술",7991,62.71
4,17217,정약국,2025-08-31,"의료,건강",8062,70.27
5,28951,코스트코,2025-07-11,대형마트,5300,163.24
6,3226,강동도서관,2025-08-09,"교육,학문",8299,10.25
7,10166,(주)에이비카페,2025-08-31,카페,5814,111.47
8,15313,CGV,2025-08-05,"문화,예술",7991,45.29
9,118765,세인트존스호텔,2025-07-01,숙박,7011,1081.71
10,41027,오렌지주유소,2025-08-13,"교통,수송",4111,910.75
1,35057,이마트,2025-06-12,대형마트,5300,197.67
2,19252,맥도날드,2025-08-01,음식점,5812,211.1
3,24185,CGV,2025-06-10,"문화,예술",7991,71.53
4,27243,이마트,2025-07-28,대형마트,5300,153.61
5,50552,코스트코,2025-08-10,대형마트,5300,285.03
6,9921,런던베이글,2025-06-17,음식점,5812,108.78
7,5557,(주)에이비카페,2025-08-06,카페,5814,60.93
8,3197,세븐일레븐,2025-08-30,편의점,5499,18.38
9,171393,세인트존스호텔,2025-06-11,숙박,7011,1561.05
10,37391,이마트,2025-08-20,대형마트,5300,210.83
1,8155,세븐일레븐,2025-08-22,편의점,5499,46.89
2,9920,롯데리아,2025-08-24,음식점,5812,108.77
3,21674,CGV,2025-08-12,"문화,예술",7991,64.1
4,1218,세븐일레븐,2025-08-22,편의점,5499,7.0
5,79203,오렌지주유소,2025-08-13,"교통,수송",4111,1758.21
6,5987,카카오프렌즈,2025-08-20,"문구,사무용품",5943,32.14
7,28424,런던베이글,2025-08-01,음식점,5812,311.66
8,29051,이마트,2025-06-10,대형마트,5300,163.8
9,12860,CGV,2025-08-01,"문화,예술",7991,38.03
10,44098,코스트코,2025-07-11,대형마트,5300,248.64
1,44759,코스트코,2025-07-15,대형마트,5300,252.37
2,4573,메가커피,2025-08-05,카페,5814,50.14
3,16549,CGV,2025-06-16,"문화,예술",7991,48.94
4,81344,톡스앤필의원,2025-06-07,"의료,건강",8062,332.0
5,149338,세인트존스호텔,2025-07-24,숙박,7011,1360.17
6,4069,GS25,2025-08-13,편의점,5499,23.4
7,12279,쿰베오,2025-08-03,카페,5814,134.64
8,20285,정약국,2025-07-10,"의료,건강",8062,82.79
9,12900,CGV,2025-08-04,"문화,예술",7991,38.15
10,14077,롯데시네마,2025-07-16,"문화,예술",7991,41.63
1,5597,세븐일레븐,2025-08-23,편의점,5499,32.18
2,7793,더벤티,2025-06-14,카페,5814,85.45
3,18182,롯데시네마,2025-07-22,"문화,예술",7991,53.77
4,110770,톡스앤필의원,2025-08-11,"의료,건강",8062,452.1
5,37767,이마트,2025-07-20,대형마트,5300,212.95
6,19398,CGV,2025-08-19,"문화,예술",7991,57.37
7,4211,더벤티,2025-06-13,카페,5814,46.17
8,6706,GS25,2025-07-17,편의점,5499,38.56
9,7558,(주)에이비카페,2025-07-22,카페,5814,82.87
10,18732,코스트코,2025-08-31,대형마트,5300,105.62
1,36325,이마트,2025-06-20,대형마트,5300,204.81
2,9796,더벤티,2025-08-18,카페,5814,107.41
3,24972,롯데시네마,2025-07-09,"문화,예술",7991,73.85
4,184392,톡스앤필의원,2025-08-08,"의료,건강",8062,752.58
5,52334,코스트코,2025-06-03,대형마트,5300,295.08
6,11002,롯데리아,2025-07-24,음식점,5812,120.64
7,3569,더벤티,2025-07-04,카페,5814,39.13
8,22636,런던베이글,2025-06-07,음식점,5812,248.2
9,13718,CGV,2025-08-19,"문화,예술",7991,40.57
10,77175,오렌지주유소,2025-08-27,"교통,수송",4111,1713.19
1,12240,세븐일레븐,2025-06-15,편의점,5499,70.38
2,8537,롯데리아,2025-06-20,음식점,5812,93.61
3,14154,롯데시네마,2025-08-18,"문화,예술",7991,41.86
4,31758,정약국,2025-08-30,"의료,건강",8062,129.62
5,19040,이마트,2025-08-24,대형마트,5300,107.36
6,18831,CGV,2025-06-23,"문화,예술",7991,55.69
7,19178,런던베이글,2025-07-16,음식점,5812,210.28
8,17395,CGV,2025-06-25,"문화,예술",7991,51.44
9,12424,런던베이글,2025-06-29,음식점,5812,136.23
10,16352,정약국,2025-08-30,"의료,건강",8062,66.74
1,12494,세븐일레븐,2025-08-01,편의점,5499,71.84
2,7760,(주)에이비카페,2025-08-13,카페,5814,85.09
3,23676,CGV,2025-07-21,"문화,예술",7991,70.02
4,8977,정약국,2025-07-07,"의료,건강",8062,36.64
5,47263,오렌지주유소,2025-07-27,"교통,수송",4111,1049.18
6,16558,런던베이글,2025-08-08,음식점,5812,181.56
7,14244,(주)에이비카페,2025-06-18,카페,5814,156.18
8,13594,세븐일레븐,2025-07-02,편의점,5499,78.16
9,106479,롯데월드,2025-06-30,"관광,명소",7991,314.91
10,7243,세븐일레븐,2025-07-31,편의점,5499,41.65
1,11651,세븐일레븐,2025-08-10,편의점,5499,66.99
2,4416,메가커피,2025-07-31,카페,5814,48.42
3,16022,롯데시네마,2025-07-07,"문화,예술",7991,47.38
4,164171,톡스앤필의원,2025-06-12,"의료,건강",8062,670.05
5,71427,오렌지주유소,2025-06-05,"교통,수송",4111,1585.6
6,838655,은혜공인중개사무소,2025-06-23,부동산,6513,0.0
7,3111,메가커피,2025-07-21,카페,5814,34.11
8,37835,코스트코,2025-07-08,대형마트,5300,213.33
9,3036,런던베이글,2025-08-17,음식점,5812,33.29
10,5929,세븐일레븐,2025-08-22,편의점,5499,34.09
1,10507,GS25,2025-06-18,편의점,5499,60.41
2,8789,메가커피,2025-06-15,카페,5814,96.37
3,24403,롯데시네마,2025-08-31,"문화,예술",7991,72.17
4,30242,이마트,2025-08-12,대형마트,5300,170.52
5,56839,오렌지주유소,2025-08-21,"교통,수송",4111,1261.76
6,9062,메가커피,2025-06-12,카페,5814,99.36
7,4860,(주)에이비카페,2025-06-18,카페,5814,53.29
8,4065,GS25,2025-07-20,편의점,5499,23.37
9,135879,세인트존스호텔,2025-07-09,숙박,7011,1237.59
10,46298,코스트코,2025-08-23,대형마트,5300,261.05
1,16897,이마트,2025-06-16,대형마트,5300,95.27
2,6365,(주)에이비카페,2025-08-04,카페,5814,69.79
3,86907,오렌지주유소,2025-08-21,"교통,수송",4111,1929.23
4,13889,정약국,2025-06-29,"의료,건강",8062,56.69
5,13632,이마트,2025-07-29,대형마트,5300,76.86
6,113359,오렌지주유소,2025-08-29,"교통,수송",4111,2516.44
7,20324,런던베이글,2025-08-25,음식점,5812,222.85
8,62865,코스트코,2025-08-16,대형마트,5300,354.46
9,5395,(주)에이비카페,2025-08-07,카페,5814,59.16
10,6160,(주)에이비카페,2025-06-15,카페,5814,67.54
1,11579,세븐일레븐,2025-06-26,편의점,5499,66.58
2,6848,런던베이글,2025-08-06,음식점,5812,75.09
3,16008,롯데시네마,2025-08-02,"문화,예술",7991,47.34
4,9156,세븐일레븐,2025-06-08,편의점,5499,52.65
5,51821,코스트코,2025-08-12,대형마트,5300,292.19
6,9167,세븐일레븐,2025-07-10,편의점,5499,52.71
7,13064,쿰베오,2025-06-01,카페,5814,143.24
8,8502,CGV,2025-07-15,"문화,예술",7991,25.14
9,11707,CGV,2025-06-09,"문화,예술",7991,34.62
10,16634,정약국,2025-07-23,"의료,건강",8062,67.89
1,3560,세븐일레븐,2025-08-22,편의점,5499,20.47
2,9738,메가커피,2025-07-19,카페,5814,106.78
3,19355,롯데시네마,2025-08-27,"문화,예술",7991,57.24
4,19342,정약국,2025-07-15,"의료,건강",8062,78.94
5,38488,이마트,2025-06-17,대형마트,5300,217.01
6,78454,오렌지주유소,2025-06-03,"교통,수송",4111,1741.59
7,10250,메가커피,2025-08-09,카페,5814,112.39
8,8147,GS25,2025-07-02,편의점,5499,46.84
9,11908,롯데시네마,2025-06-15,"문화,예술",7991,35.22
10,11434,세븐일레븐,2025-06-03,편의점,5499,65.74
1,1766,세븐일레븐,2025-06-05,편의점,5499,10.15
2,4307,(주)에이비카페,2025-06-06,카페,5814,47.23
3,15927,롯데시네마,2025-06-08,"문화,예술",7991,47.1
4,21409,이마트,2025-08-13,대형마트,5300,120.71
5,16559,CGV,2025-06-19,"문화,예술",7991,48.97
6,19616,정약국,2025-07-09,"의료,건강",8062,80.06
7,15475,(주)에이비카페,2025-06-23,카페,5814,169.68
8,22489,롯데시네마,2025-06-07,"문화,예술",7991,66.51
9,100242,오렌지주유소,2025-07-11,"교통,수송",4111,2225.25
10,9188,(주)에이비카페,2025-07-19,카페,5814,100.74
1,9709,세븐일레븐,2025-06-29,편의점,5499,55.83
2,7143,(주)에이비카페,2025-06-08,카페,5814,78.32
3,22144,CGV,2025-06-18,"문화,예술",7991,65.49
4,85352,톡스앤필의원,2025-08-22,"의료,건강",8062,348.36
5,9531,세븐일레븐,2025-06-12,편의점,5499,54.8
6,65149,코스트코,2025-07-05,대형마트,5300,367.34
7,14483,(주)에이비카페,2025-06-10,카페,5814,158.8
8,13951,세븐일레븐,2025-08-25,편의점,5499,80.22
9,20947,CGV,2025-07-13,"문화,예술",7991,61.95
10,5311,이마트,2025-06-25,대형마트,5300,29.95
1,9717,정약국,2025-08-01,"의료,건강",8062,39.66
2,12872,메가커피,2025-07-21,카페,5814,141.14
3,19585,런던베이글,2025-07-07,음식점,5812,214.75
4,179999,톡스앤필의원,2025-07-10,"의료,건강",8062,734.65
5,44518,이마트,2025-07-30,대형마트,5300,251.01
6,39511,이마트,2025-07-11,대형마트,5300,222.78
7,7468,메가커피,2025-06-06,카페,5814,81.89
8,16721,롯데시네마,2025-06-03,"문화,예술",7991,49.45
9,24901,카카오프렌즈,2025-07-24,"문구,사무용품",5943,133.69
10,16641,이마트,2025-07-19,대형마트,5300,93.83
1,5024,GS25,2025-08-23,편의점,5499,28.89
2,6799,메가커피,2025-08-02,카페,5814,74.55
3,9879,메가커피,2025-07-16,카페,5814,108.32
4,40627,이마트,2025-08-09,대형마트,5300,229.07
5,2990,메가커피,2025-06-10,카페,5814,32.78
6,1557976,은혜공인중개사무소,2025-06-01,부동산,6513,0.0
7,12793,(주)에이비카페,2025-08-30,카페,5814,140.27
8,4593,세븐일레븐,2025-07-18,편의점,5499,26.41
9,142498,롯데월드,2025-08-18,"관광,명소",7991,421.43
10,26473,정약국,2025-06-01,"의료,건강",8062,108.05
1,6227,GS25,2025-08-07,편의점,5499,35.8
2,14026,더벤티,2025-06-03,카페,5814,153.79
3,24816,CGV,2025-06-23,"문화,예술",7991,73.39
4,11422,이마트,2025-07-01,대형마트,5300,64.4
5,35589,이마트,2025-07-16,대형마트,5300,200.66
6,6238,GS25,2025-07-22,편의점,5499,35.87
7,13119,런던베이글,2025-06-29,음식점,5812,143.85
8,10915,이마트,2025-08-23,대형마트,5300,61.54
9,5321,(주)에이비카페,2025-07-19,카페,5814,58.34
10,24972,코스트코,2025-08-29,대형마트,5300,140.8
1,10458,세븐일레븐,2025-08-22,편의점,5499,60.13
2,20567,쿰베오,2025-06-13,카페,5814,225.51
3,4189,(주)에이비카페,2025-08-28,카페,5814,45.93
4,18696,정약국,2025-06-10,"의료,건강",8062,76.31
5,89007,오렌지주유소,2025-08-12,"교통,수송",4111,1975.85
6,10399,런던베이글,2025-07-11,음식점,5812,114.02
7,4546,세븐일레븐,2025-08-31,편의점,5499,26.14
8,23031,코스트코,2025-08-12,대형마트,5300,129.86
9,140284,세인트존스호텔,2025-08-09,숙박,7011,1277.71
10,15817,이마트,2025-08-28,대형마트,5300,89.18
1,10107,GS25,2025-07-15,편의점,5499,58.11
2,15466,맥도날드,2025-06-10,음식점,5812,169.58
3,24937,롯데시네마,2025-07-12,"문화,예술",7991,73.75
4,6099,세븐일레븐,2025-07-28,편의점,5499,35.07
5,44236,코스트코,2025-07-19,대형마트,5300,249.42
6,17064,롯데시네마,2025-08-19,"문화,예술",7991,50.47
7,8722,(주)에이비카페,2025-06-11,카페,5814,95.64
8,32434,이마트,2025-08-21,대형마트,5300,182.88
9,14610,맥도날드,2025-06-14,음식점,5812,160.2
10,5916,세븐일레븐,2025-07-05,편의점,5499,34.02
1,2126,세븐일레븐,2025-07-28,편의점,5499,12.22
2,19063,런던베이글,2025-06-04,음식점,5812,209.02
3,8439,세븐일레븐,2025-08-16,편의점,5499,48.52
4,14185,정약국,2025-07-23,"의료,건강",8062,57.9
5,27847,코스트코,2025-08-11,대형마트,5300,157.01
6,1038112,은혜공인중개사무소,2025-06-22,부동산,6513,0.0
7,4942,더벤티,2025-07-09,카페,5814,54.19
8,12018,이마트,2025-07-26,대형마트,5300,67.76
9,17709,롯데시네마,2025-06-10,"문화,예술",7991,52.37
10,23029,이마트,2025-08-03,대형마트,5300,129.85
1,4132,GS25,2025-06-18,편의점,5499,23.76
2,9779,(주)에이비카페,2025-08-19,카페,5814,107.23
3,18348,롯데시네마,2025-07-26,"문화,예술",7991,54.26
4,31328,정약국,2025-06-18,"의료,건강",8062,127.86
5,221786,톡스앤필의원,2025-06-26,"의료,건강",8062,905.2
6,16388,CGV,2025-07-11,"문화,예술",7991,48.47
7,14317,(주)에이비카페,2025-08-13,카페,5814,156.98
8,39306,코스트코,2025-07-21,대형마트,5300,221.62
9,15083,롯데시네마,2025-08-09,"문화,예술",7991,44.61
10,13848,세븐일레븐,2025-07-30,편의점,5499,79.62
1,11152,쿰베오,2025-07-08,카페,5814,122.28
2,3532,메가커피,2025-07-23,카페,5814,38.73
3,13229,CGV,2025-07-01,"문화,예술",7991,39.12
4,76468,톡스앤필의원,2025-07-19,"의료,건강",8062,312.1
5,10706,세븐일레븐,2025-07-22,편의점,5499,61.56
6,82896,코스트코,2025-08-09,대형마트,5300,467.4
7,7445,세븐일레븐,2025-08-08,편의점,5499,42.81
8,9098,롯데시네마,2025-07-02,"문화,예술",7991,26.91
9,17011,CGV,2025-08-18,"문화,예술",7991,50.31
10,12389,세븐일레븐,2025-07-22,편의점,5499,71.24
1,18820,정약국,2025-07-26,"의료,건강",8062,76.81
2,5629,맥도날드,2025-08-05,음식점,5812,61.72
3,14911,CGV,2025-07-21,"문화,예술",7991,44.1
4,198333,톡스앤필의원,2025-06-20,"의료,건강",8062,809.48
5,21460,코스트코,2025-07-08,대형마트,5300,121.0
6,6613,카카오프렌즈,2025-06-19,"문구,사무용품",5943,35.5
7,9448,(주)에이비카페,2025-06-27,카페,5814,103.6
8,19227,롯데시네마,2025-07-27,"문화,예술",7991,56.86
9,21171,CGV,2025-07-09,"문화,예술",7991,62.61
10,10698,세븐일레븐,2025-07-14,편의점,5499,61.51
1,4326,GS25,2025-07-02,편의점,5499,24.87
2,18217,런던베이글,2025-08-11,음식점,5812,199.75
3,20658,롯데시네마,2025-07-22,"문화,예술",7991,61.1
4,83291,톡스앤필의원,2025-07-26,"의료,건강",8062,339.95
5,71443,코스트코,2025-06-26,대형마트,5300,402.82
6,21093,롯데시네마,2025-08-30,"문화,예술",7991,62.38
7,42100,코스트코,2025-06-09,대형마트,5300,237.38
8,13367,롯데시네마,2025-06-26,"문화,예술",7991,39.53
9,17729,롯데시네마,2025-08-02,"문화,예술",7991,52.43
10,57265,코스트코,2025-07-20,대형마트,5300,322.88
1,8978,GS25,2025-07-16,편의점,5499,51.62
2,5431,메가커피,2025-08-30,카페,5814,59.55
3,11518,CGV,2025-07-11,"문화,예술",7991,34.06
4,21180,이마트,2025-07-18,대형마트,5300,119.42
5,102182,오렌지주유소,2025-08-16,"교통,수송",4111,2268.32
6,29217,이마트,2025-08-02,대형마트,5300,164.74
7,5966,더벤티,2025-08-02,카페,5814,65.42
8,15980,이마트,2025-07-28,대형마트,5300,90.1
9,23336,CGV,2025-08-02,"문화,예술",7991,69.02
10,13689,세븐일레븐,2025-08-11,편의점,5499,78.71
1,18520,맥도날드,2025-08-02,음식점,5812,203.07
2,11221,(주)에이비카페,2025-06-11,카페,5814,123.04
3,13959,CGV,2025-07-06,"문화,예술",7991,41.28
4,91648,톡스앤필의원,2025-07-29,"의료,건강",8062,374.05
5,12355,(주)에이비카페,2025-06-15,카페,5814,135.47
6,9312,(주)에이비카페,2025-07-17,카페,5814,102.1
7,4816,런던베이글,2025-07-27,음식점,5812,52.81
8,18443,롯데시네마,2025-08-23,"문화,예술",7991,54.54
9,10207,(주)에이비카페,2025-06-05,카페,5814,111.92
10,18801,카카오프렌즈,2025-06-12,"문구,사무용품",5943,100.94
1,14092,이마트,2025-07-01,대형마트,5300,79.46
2,14580,롯데리아,2025-07-15,음식점,5812,159.87
3,14741,(주)에이비카페,2025-06-22,카페,5814,161.63
4,94719,톡스앤필의원,2025-06-08,"의료,건강",8062,386.59
5,11606,(주)에이비카페,2025-08-08,카페,5814,127.26
6,11528,맥도날드,2025-07-05,음식점,5812,126.4
7,12453,메가커피,2025-08-26,카페,5814,136.55
8,34231,코스트코,2025-07-23,대형마트,5300,193.01
9,13861,런던베이글,2025-06-17,음식점,5812,151.98
10,5555,(주)에이비카페,2025-08-31,카페,5814,60.91
1,5583,세븐일레븐,2025-08-26,편의점,5499,32.1
2,6525,(주)에이비카페,2025-07-05,카페,5814,71.55
3,19903,CGV,2025-08-21,"문화,예술",7991,58.86
4,7737,정약국,2025-07-06,"의료,건강",8062,31.58
5,86772,오렌지주유소,2025-08-02,"교통,수송",4111,1926.24
6,35170,톡스앤필의원,2025-06-12,"의료,건강",8062,143.54
7,16347,쿰베오,2025-08-29,카페,5814,179.24
8,2277,GS25,2025-07-21,편의점,5499,13.09
9,154026,세인트존스호텔,2025-08-03,숙박,7011,1402.87
10,22054,이마트,2025-08-13,대형마트,5300,124.35
1,14878,세븐일레븐,2025-07-14,편의점,5499,85.55
2,2285,메가커피,2025-08-20,카페,5814,25.05
3,18597,CGV,2025-06-21,"문화,예술",7991,55.0
4,36113,톡스앤필의원,2025-07-25,"의료,건강",8062,147.39
5,15730,이마트,2025-07-09,대형마트,5300,88.69
6,10030,맥도날드,2025-07-17,음식점,5812,109.98
7,10756,(주)에이비카페,2025-08-23,카페,5814,117.94
8,7869,세븐일레븐,2025-08-29,편의점,5499,45.25
9,11718,(주)에이비카페,2025-08-30,카페,5814,128.49
10,4454,세븐일레븐,2025-06-17,편의점,5499,25.61
1,10194,GS25,2025-06-02,편의점,5499,58.61
2,7469,세븐일레븐,2025-07-25,편의점,5499,42.95
3,19592,CGV,2025-07-20,"문화,예술",7991,57.94
4,11945,세븐일레븐,2025-07-11,편의점,5499,68.68
5,33861,코스트코,2025-06-18,대형마트,5300,190.92
6,6354,런던베이글,2025-08-12,음식점,5812,69.67
7,10083,세븐일레븐,2025-07-15,편의점,5499,57.98
8,15136,CGV,2025-08-18,"문화,예술",7991,44.76
9,12618,CGV,2025-06-13,"문화,예술",7991,37.32
10,3125,세븐일레븐,2025-07-20,편의점,5499,17.97
1,30681,이마트,2025-06-18,대형마트,5300,172.99
2,9676,CGV,2025-08-16,"문화,예술",7991,28.62
3,19270,CGV,2025-08-28,"문화,예술",7991,56.99
4,15820,세븐일레븐,2025-07-09,편의점,5499,90.96
5,44945,이마트,2025-07-21,대형마트,5300,253.42
6,49333,톡스앤필의원,2025-07-01,"의료,건강",8062,201.35
7,6000,런던베이글,2025-08-21,음식점,5812,65.79
8,10029,롯데시네마,2025-07-11,"문화,예술",7991,29.66
9,15886,맥도날드,2025-08-27,음식점,5812,174.19
10,10301,세븐일레븐,2025-06-10,편의점,5499,59.23
1,1696,세븐일레븐,2025-06-28,편의점,5499,9.75
2,2347,세븐일레븐,2025-07-21,편의점,5499,13.49
3,27026,CGV,2025-07-25,"문화,예술",7991,79.93
4,5650,(주)에이비카페,2025-08-08,카페,5814,61.95
5,63648,오렌지주유소,2025-06-11,"교통,수송",4111,1412.91
6,17438,CGV,2025-06-20,"문화,예술",7991,51.57
7,16349,런던베이글,2025-08-23,음식점,5812,179.26
8,9394,CGV,2025-07-26,"문화,예술",7991,27.78
9,67583,코스트코,2025-07-02,대형마트,5300,381.06
10,6871,세븐일레븐,2025-08-18,편의점,5499,39.51
1,6470,GS25,2025-08-24,편의점,5499,37.2
2,8015,쿰베오,2025-06-18,카페,5814,87.88
3,13348,CGV,2025-07-15,"문화,예술",7991,39.48
4,84910,톡스앤필의원,2025-06-17,"의료,건강",8062,346.55
5,82236,오렌지주유소,2025-06-16,"교통,수송",4111,1825.54
6,3250,더벤티,2025-07-25,카페,5814,35.64
7,4567,(주)에이비카페,2025-08-13,카페,5814,50.08
8,23822,롯데시네마,2025-07-17,"문화,예술",7991,70.45
9,107739,롯데월드,2025-06-21,"관광,명소",7991,318.63
10,13594,이마트,2025-08-26,대형마트,5300,76.65
1,5198,GS25,2025-06-01,편의점,5499,29.89
2,3054,맥도날드,2025-07-31,음식점,5812,33.49
3,11258,롯데시네마,2025-06-05,"문화,예술",7991,33.3
4,124515,톡스앤필의원,2025-07-02,"의료,건강",8062,508.2
5,62363,코스트코,2025-06-10,대형마트,5300,351.63
6,5960,(주)에이비카페,2025-06-07,카페,5814,65.35
7,176026,세인트존스호텔,2025-07-22,숙박,7011,1603.25
8,9882,세븐일레븐,2025-07-10,편의점,5499,56.82
9,18446,롯데시네마,2025-06-26,"문화,예술",7991,54.55
10,27304,이마트,2025-07-02,대형마트,5300,153.95
1,52039,이마트,2025-06-26,대형마트,5300,293.42
2,13199,더벤티,2025-07-02,카페,5814,144.72
3,25802,이마트,2025-08-09,대형마트,5300,145.48
4,38380,톡스앤필의원,2025-06-01,"의료,건강",8062,156.65
5,101788,오렌지주유소,2025-07-10,"교통,수송",4111,2259.57
6,47396,이마트,2025-07-24,대형마트,5300,267.24
7,5899,런던베이글,2025-06-19,음식점,5812,64.68
8,9032,CGV,2025-06-30,"문화,예술",7991,26.71
9,19334,런던베이글,2025-07-18,음식점,5812,211.99
10,11130,CGV,2025-08-04,"문화,예술",7991,32.92
1,13824,세븐일레븐,2025-08-15,편의점,5499,79.49
2,18374,런던베이글,2025-06-17,음식점,5812,201.47
3,18875,롯데시네마,2025-07-21,"문화,예술",7991,55.82
4,8664,(주)에이비카페,2025-07-05,카페,5814,95.0
5,15622,이마트,2025-08-14,대형마트,5300,88.08
6,10323,이마트,2025-07-30,대형마트,5300,58.21
7,6063,(주)에이비카페,2025-06-27,카페,5814,66.48
8,7783,GS25,2025-06-16,편의점,5499,44.75
9,128964,롯데월드,2025-08-30,"관광,명소",7991,381.41
10,4128,(주)에이비카페,2025-07-12,카페,5814,45.26
1,11376,세븐일레븐,2025-07-16,편의점,5499,65.41
2,5142,(주)에이비카페,2025-07-04,카페,5814,56.38
3,5563,(주)에이비카페,2025-07-22,카페,5814,61.0
4,25520,정약국,2025-07-02,"의료,건강",8062,104.16
5,2993,세븐일레븐,2025-06-18,편의점,5499,17.21
6,10235,이마트,2025-06-29,대형마트,5300,57.71
7,29654,이마트,2025-08-20,대형마트,5300,167.2
8,5553,(주)에이비카페,2025-07-04,카페,5814,60.89
9,4413,런던베이글,2025-06-09,음식점,5812,48.39
10,38273,이마트,2025-06-12,대형마트,5300,215.8
1,83538,코스트코,2025-06-16,대형마트,5300,471.02
2,28882,이마트,2025-08-13,대형마트,5300,162.85
3,20910,롯데시네마,2025-07-19,"문화,예술",7991,61.84
4,29494,코스트코,2025-06-24,대형마트,5300,166.3
5,39478,이마트,2025-06-05,대형마트,5300,222.59
6,12673,(주)에이비카페,2025-07-08,카페,5814,138.96
7,20867,런던베이글,2025-06-12,음식점,5812,228.8
8,13540,이마트,2025-08-22,대형마트,5300,76.34
9,18199,런던베이글,2025-08-09,음식점,5812,199.55
10,100298,오렌지주유소,2025-07-16,"교통,수송",4111,2226.5
1,34469,이마트,2025-08-12,대형마트,5300,194.35
2,14281,런던베이글,2025-06-04,음식점,5812,156.59
3,12318,롯데시네마,2025-07-06,"문화,예술",7991,36.43
4,8830,세븐일레븐,2025-08-14,편의점,5499,50.77
5,8593,정약국,2025-08-24,"의료,건강",8062,35.07
6,10975,GS25,2025-06-08,편의점,5499,63.1
7,11945,쿰베오,2025-07-20,카페,5814,130.97
8,3347,GS25,2025-08-15,편의점,5499,19.24
9,23027,롯데시네마,2025-06-04,"문화,예술",7991,68.1
10,11508,(주)에이비카페,2025-08-12,카페,5814,126.18
1,4634,세븐일레븐,2025-08-03,편의점,5499,26.64
2,8718,런던베이글,2025-06-12,음식점,5812,95.59
3,114367,롯데월드,2025-08-07,"관광,명소",7991,338.24
4,136513,톡스앤필의원,2025-06-26,"의료,건강",8062,557.17
5,92009,오렌지주유소,2025-07-12,"교통,수송",4111,2042.49
6,3538,세븐일레븐,2025-06-19,편의점,5499,20.34
7,19020,쿰베오,2025-06-10,카페,5814,208.55
8,11353,GS25,2025-06-13,편의점,5499,65.28
9,15870,롯데시네마,2025-06-21,"문화,예술",7991,46.93
10,12459,(주)에이비카페,2025-08-02,카페,5814,136.61
1,4173,GS25,2025-08-11,편의점,5499,23.99
2,7866,더벤티,2025-08-15,카페,5814,86.25
3,41335,코스트코,2025-08-28,대형마트,5300,233.06
4,83595,톡스앤필의원,2025-08-29,"의료,건강",8062,341.19
5,104140,오렌지주유소,2025-08-12,"교통,수송",4111,2311.79
6,119579,롯데월드,2025-08-18,"관광,명소",7991,353.65
7,11164,(주)에이비카페,2025-08-03,카페,5814,122.41
8,10979,세븐일레븐,2025-07-15,편의점,5499,63.13
9,11335,쿰베오,2025-06-12,카페,5814,124.29
10,82213,오렌지주유소,2025-07-04,"교통,수송",4111,1825.03
1,10219,세븐일레븐,2025-07-03,편의점,5499,58.76
2,15852,쿰베오,2025-07-20,카페,5814,173.81
3,25832,롯데시네마,2025-07-23,"문화,예술",7991,76.4
4,121584,톡스앤필의원,2025-07-19,"의료,건강",8062,496.24
5,40629,이마트,2025-08-13,대형마트,5300,229.08
6,8988,런던베이글,2025-06-10,음식점,5812,98.55
7,7845,쿰베오,2025-07-11,카페,5814,86.02
8,9842,이마트,2025-06-22,대형마트,5300,55.49
9,9039,런던베이글,2025-08-10,음식점,5812,99.11
10,7528,정약국,2025-08-18,"의료,건강",8062,30.72
1,53756,코스트코,2025-08-23,대형마트,5300,303.1
2,7863,롯데리아,2025-06-13,음식점,5812,86.22
3,13708,롯데시네마,2025-08-10,"문화,예술",7991,40.54
4,11642,(주)에이비카페,2025-07-07,카페,5814,127.65
5,45209,톡스앤필의원,2025-08-13,"의료,건강",8062,184.52
6,44944,코스트코,2025-07-17,대형마트,5300,253.41
7,56432,롯데월드,2025-08-24,"관광,명소",7991,166.9
8,20887,롯데시네마,2025-06-04,"문화,예술",7991,61.77
9,140812,세인트존스호텔,2025-07-31,숙박,7011,1282.52
10,89579,오렌지주유소,2025-07-31,"교통,수송",4111,1988.55
1,18708,이마트,2025-08-09,대형마트,5300,105.48
2,11631,(주)에이비카페,2025-07-18,카페,5814,127.53
3,77719,세인트존스호텔,2025-07-30,숙박,7011,707.87
4,102981,톡스앤필의원,2025-06-20,"의료,건강",8062,420.31
5,43945,오렌지주유소,2025-07-15,"교통,수송",4111,975.53
6,11623,더벤티,2025-08-15,카페,5814,127.44
7,5680,(주)에이비카페,2025-08-06,카페,5814,62.28
8,10504,GS25,2025-07-31,편의점,5499,60.4
9,15571,CGV,2025-06-11,"문화,예술",7991,46.05
10,7281,이마트,2025-08-06,대형마트,5300,41.05
1,10882,롯데시네마,2025-07-28,"문화,예술",7991,32.18
2,5632,롯데리아,2025-06-25,음식점,5812,61.75
3,6597,세븐일레븐,2025-08-27,편의점,5499,37.93
4,167038,톡스앤필의원,2025-08-16,"의료,건강",8062,681.75
5,7839,이마트,2025-08-11,대형마트,5300,44.2
6,17923,카카오프렌즈,2025-08-06,"문구,사무용품",5943,96.22
7,3795,런던베이글,2025-08-19,음식점,5812,41.61
8,18378,롯데시네마,2025-06-20,"문화,예술",7991,54.35
9,7350,맥도날드,2025-08-12,음식점,5812,80.59
10,88889,오렌지주유소,2025-07-15,"교통,수송",4111,1973.23
1,35564,코스트코,2025-08-02,대형마트,5300,200.52
2,15077,런던베이글,2025-07-06,음식점,5812,165.32
3,17258,롯데시네마,2025-07-13,"문화,예술",7991,51.04
4,5279,(주)에이비카페,2025-07-05,카페,5814,57.88
5,39884,오렌지주유소,2025-07-09,"교통,수송",4111,885.38
6,181640,톡스앤필의원,2025-08-27,"의료,건강",8062,741.35
7,17023,이마트,2025-07-27,대형마트,5300,95.98
8,16806,CGV,2025-07-24,"문화,예술",7991,49.7
9,9561,CGV,2025-06-28,"문화,예술",7991,28.28
10,20109,정약국,2025-08-06,"의료,건강",8062,82.07
1,60704,코스트코,2025-06-21,대형마트,5300,342.27
2,18848,맥도날드,2025-08-07,음식점,5812,206.67
3,3890,(주)에이비카페,2025-06-26,카페,5814,42.65
4,10714,정약국,2025-06-07,"의료,건강",8062,43.73
5,60121,오렌지주유소,2025-07-30,"교통,수송",4111,1334.62
6,12932,CGV,2025-07-01,"문화,예술",7991,38.25
7,13435,(주)에이비카페,2025-07-31,카페,5814,147.31
8,18247,롯데시네마,2025-07-04,"문화,예술",7991,53.96
9,5008,(주)에이비카페,2025-07-20,카페,5814,54.91
10,15422,세븐일레븐,2025-06-28,편의점,5499,88.67
1,55561,코스트코,2025-06-27,대형마트,5300,313.27
2,10765,(주)에이비카페,2025-08-27,카페,5814,118.04
3,71311,롯데월드,2025-08-16,"관광,명소",7991,210.9
4,11110,정약국,2025-07-10,"의료,건강",8062,45.34
5,73774,오렌지주유소,2025-07-19,"교통,수송",4111,1637.7
6,13980,쿰베오,2025-07-30,카페,5814,153.29
7,14155,(주)에이비카페,2025-07-21,카페,5814,155.21
8,8277,롯데시네마,2025-08-24,"문화,예술",7991,24.48
9,15637,런던베이글,2025-08-16,음식점,5812,171.46
10,42478,코스트코,2025-08-01,대형마트,5300,239.51
1,5839,세븐일레븐,2025-07-06,편의점,5499,33.57
2,13492,(주)에이비카페,2025-06-20,카페,5814,147.94
3,18411,CGV,2025-08-16,"문화,예술",7991,54.45
4,122003,톡스앤필의원,2025-06-04,"의료,건강",8062,497.95
5,71167,오렌지주유소,2025-07-24,"교통,수송",4111,1579.82
6,6361,카카오프렌즈,2025-08-13,"문구,사무용품",5943,34.15
7,8312,메가커피,2025-06-29,카페,5814,91.14
8,27423,CGV,2025-08-25,"문화,예술",7991,81.1
9,20300,롯데시네마,2025-08-24,"문화,예술",7991,60.04
10,4557,메가커피,2025-07-31,카페,5814,49.97
1,5708,세븐일레븐,2025-08-11,편의점,5499,32.82
2,12965,쿰베오,2025-07-13,카페,5814,142.16
3,14397,CGV,2025-07-10,"문화,예술",7991,42.58
4,110854,톡스앤필의원,2025-08-14,"의료,건강",8062,452.44
5,2894,GS25,2025-08-21,편의점,5499,16.64
6,11737,(주)에이비카페,2025-06-25,카페,5814,128.69
7,15691,런던베이글,2025-07-23,음식점,5812,172.05
8,12900,세븐일레븐,2025-06-26,편의점,5499,74.17
9,19711,롯데시네마,2025-08-31,"문화,예술",7991,58.29
10,2312,세븐일레븐,2025-08-20,편의점,5499,13.29
1,16090,정약국,2025-06-01,"의료,건강",8062,65.67
2,8206,(주)에이비카페,2025-06-22,카페,5814,89.98
3,13136,CGV,2025-06-12,"문화,예술",7991,38.85
4,35207,이마트,2025-07-22,대형마트,5300,198.51
5,48892,코스트코,2025-06-05,대형마트,5300,275.67
6,64438,코스트코,2025-06-02,대형마트,5300,363.33
7,9375,메가커피,2025-08-26,카페,5814,102.8
8,131469,롯데월드,2025-08-28,"관광,명소",7991,388.81
9,11262,런던베이글,2025-07-20,음식점,5812,123.49
10,34725,코스트코,2025-06-06,대형마트,5300,195.79
1,5662,세븐일레븐,2025-08-06,편의점,5499,32.56
2,8308,더벤티,2025-08-27,카페,5814,91.1
3,19450,정약국,2025-08-02,"의료,건강",8062,79.38
4,68751,톡스앤필의원,2025-07-22,"의료,건강",8062,280.6
5,5099,세븐일레븐,2025-06-17,편의점,5499,29.32
6,85845,세인트존스호텔,2025-06-22,숙박,7011,781.88
7,7076,이마트,2025-08-21,대형마트,5300,39.9
8,42016,이마트,2025-08-16,대형마트,5300,236.9
9,1592258,은혜공인중개사무소,2025-06-03,부동산,6513,0.0
10,2800,세븐일레븐,2025-07-19,편의점,5499,16.1
1,5087,세븐일레븐,2025-06-20,편의점,5499,29.25
2,13924,롯데리아,2025-07-09,음식점,5812,152.67
3,12042,롯데시네마,2025-07-05,"문화,예술",7991,35.61
4,63814,톡스앤필의원,2025-06-14,"의료,건강",8062,260.45
5,51233,코스트코,2025-06-15,대형마트,5300,288.87
6,9809,더벤티,2025-06-26,카페,5814,107.55
7,19707,쿰베오,2025-07-16,카페,5814,216.08
8,15276,CGV,2025-08-10,"문화,예술",7991,45.18
9,15919,CGV,2025-08-01,"문화,예술",7991,47.08
10,4169,이마트,2025-06-12,대형마트,5300,23.51
1,76953,코스트코,2025-08-03,대형마트,5300,433.89
2,6616,맥도날드,2025-06-10,음식점,5812,72.54
3,13151,CGV,2025-08-22,"문화,예술",7991,38.89
4,97447,톡스앤필의원,2025-06-07,"의료,건강",8062,397.72
5,18910,이마트,2025-07-08,대형마트,5300,106.62
6,12107,롯데리아,2025-06-15,음식점,5812,132.75
7,15517,세븐일레븐,2025-06-02,편의점,5499,89.22
8,67210,코스트코,2025-07-13,대형마트,5300,378.96
9,26410,롯데시네마,2025-07-05,"문화,예술",7991,78.11
10,3342,메가커피,2025-07-14,카페,5814,36.64
1,7264,세븐일레븐,2025-07-29,편의점,5499,41.77
2,11102,(주)에이비카페,2025-08-01,카페,5814,121.73
3,11380,CGV,2025-08-29,"문화,예술",7991,33.66
4,5563,(주)에이비카페,2025-08-15,카페,5814,61.0
5,61373,코스트코,2025-06-24,대형마트,5300,346.05
6,10314,(주)에이비카페,2025-08-27,카페,5814,113.09
7,4111,메가커피,2025-08-02,카페,5814,45.08
8,7554,세븐일레븐,2025-06-09,편의점,5499,43.43
9,12312,카카오프렌즈,2025-08-26,"문구,사무용품",5943,66.1
10,70841,코스트코,2025-08-12,대형마트,5300,399.43
